"Enabling 'Use for Shopping Cart', as Shopping Cart is enabled and there should be at least one Tax Rule for Shopping Cart","Włączanie opcji 'Use for Shopping Cart', ponieważ koszyk jest włączony i powinna istnieć co najmniej jedna reguła podatkowa dla koszyka",""
" Items)"," pozycji)",""
"<p class=""alert alert-warning"">Redisearch is not loaded. If you want to use the advanced product search feature, refer <a class=""alert-link"" href=""https://docs.erpnext.com/docs/v13/user/manual/en/setting-up/articles/installing-redisearch"" target=""_blank"">here</a>.</p>","<p class=""alert alert-warning"">Redisearch nie jest załadowany. Jeśli chcesz używać zaawansowanego wyszukiwania produktów, zajrzyj <a class=""alert-link"" href=""https://docs.erpnext.com/docs/v13/user/manual/en/setting-up/articles/installing-redisearch"" target=""_blank"">tutaj</a>.</p>",""
"Add Section with Tabs","Dodaj sekcję z zakładkami",""
"Add Selected to Cart","Dodaj wybrane do koszyka",""
"Add Selected to Quote","Dodaj wybrane do zapytania ofertowego",""
"Add a new address","Dodaj nowy adres",""
"Add note","Dodaj notatkę",""
"Add to Quote","Dodaj do zapytania ofertowego",""
"Add-ons","Dodatki",""
"Advanced Display Content","Zaawansowana zawartość wyświetlania",""
"Allow Non Website Items in Cart Quotation","Zezwól na pozycje spoza strony internetowej w zapytaniu ofertowym z koszyka",""
"Already Published","Już opublikowano",""
"Available on backorder","Dostępne na zamówienie",""
"Cannot Merge","Nie można scalić",""
"Choose {0}","Wybierz {0}",""
"Choose product variant(s) above","Wybierz wariant(y) produktu powyżej",""
"Clear Values","Wyczyść wartości",""
"Continue Selection","Kontynuuj wybór",""
"Continue Shopping","Kontynuuj zakupy",""
"Coupons","Kupony",""
"Customer Reviews","Opinie klientów",""
"Display Additional Information","Wyświetl dodatkowe informacje",""
"Display Images","Wyświetl obrazy",""
"Display Information","Wyświetl informacje",""
"Display Settings","Ustawienia wyświetlania",""
"DocType {} not found","Nie znaleziono DocType {}",""
"Enable Field Filters (Categories)","Włącz filtry pól (kategorie)",""
"Enable Recommendations","Włącz rekomendacje",""
"Enable Redisearch","Włącz Redisearch",""
"Enable Reviews and Ratings","Włącz opinie i oceny",""
"Enable Variant Selection","Włącz wybór wariantu",""
"Enable Wishlist","Włącz listę życzeń",""
"Enter Sales Partner","Wprowadź partnera sprzedaży",""
"Enter coupon code","Wprowadź kod kuponu",""
"Empty Cart","Wyczyść koszyk",""
"Export Cart","Eksportuj koszyk",""
"Export Cart (.csv)","Eksportuj koszyk (.csv)",""
"Excl. VAT","Bez VAT",""
"FREE","GRATIS",""
"Filter Fields Row #{0}: Fieldname {1} must be of type 'Link' or 'Table MultiSelect'","Filtr pól, wiersz nr {0}: nazwa pola {1} musi być typu 'Link' lub 'Table MultiSelect'",""
"Filters and Categories","Filtry i kategorie",""
"Follow these steps to create a landing page for your store","Wykonaj te kroki, aby utworzyć stronę docelową dla swojego sklepu",""
"Frappe School","Frappe School",""
"Go to Cart","Przejdź do koszyka",""
"Go to Quote","Przejdź do zapytania ofertowego",""
"Guest Display Settings","Ustawienia wyświetlania dla gościa",""
"Hide Price for Guest","Ukryj cenę dla gościa",""
"Image Alternative Text","Tekst alternatywny obrazu",""
"Indicate that Item is available on backorder and not usually pre-stocked","Wskaż, że pozycja jest dostępna na zamówienie i zwykle nie jest magazynowana",""
"Is Redisearch Loaded","Czy Redisearch jest załadowany",""
"Item Code is required","Kod pozycji jest wymagany",""
"In stock","W magazynie",""
"Item Review","Opinia o pozycji",""
"Item Search Settings","Ustawienia wyszukiwania pozycji",""
"Items with higher ranking will be shown higher","Pozycje z wyższym rankingiem będą wyświetlane wyżej",""
"Link to redirect Guest on actions that need login such as add to cart, wishlist, etc. <b>E.g.: /login</b>","Link do przekierowania gościa przy akcjach wymagających logowania, takich jak dodanie do koszyka, lista życzeń itp. <b>Np.: /login</b>",""
"Login Required to View Products","Wymagane logowanie, aby wyświetlić produkty",""
"Limited quantity available ({0} in stock)","Dostępna ograniczona ilość ({0} w magazynie)",""
"Missing","Brak",""
"Missing Currency","Brak waluty",""
"Matching Variants","Pasujące warianty",""
"Move to Cart","Przenieś do koszyka",""
"Net Total ({0} Items)","Suma netto ({0} pozycji)",""
"Net Total (","Suma netto (",""
"No Reviews","Brak opinii",""
"No variants available for the selected filters.","Brak wariantów dla wybranych filtrów.",""
"No searches yet.","Brak wyszukiwań.",""
"OFF","TANIEJ",""
"Offer Details","Szczegóły oferty",""
"Offer Subtitle","Podtytuł oferty",""
"Offer Title","Tytuł oferty",""
"Offers","Oferty",""
"Offers to Display","Oferty do wyświetlenia",""
"On Backorder","Na zamówienie",""
"Out of stock","Brak w magazynie",""
"Overall Rating","Ocena ogólna",""
"Past Orders","Poprzednie zamówienia",""
"Past Quotes","Poprzednie zapytania ofertowe",""
"Payment Gateway Account not set","Konto bramki płatności nie jest ustawione",""
"Payment Summary","Podsumowanie płatności",""
"Product Details","Szczegóły produktu",""
"Price","Cena",""
"Publishing Item ...","Publikowanie pozycji ...",""
"Quantity","Ilość",""
"Qty ","Ilość ",""
"Ranking","Ranking",""
"Recent","Ostatnie",""
"Recommended","Polecane",""
"Recommended Items","Polecane pozycje",""
"Recommended/Similar Items","Polecane/podobne pozycje",""
"Redirect on Action","Przekierowanie przy akcji",""
"Redisearch Error","Błąd Redisearch",""
"Redisearch Warning","Ostrzeżenie Redisearch",""
"Request Quote","Poproś o wycenę",""
"Request for Quote","Zapytanie ofertowe",""
"Review Submitted","Opinia przesłana",""
"Review Title","Tytuł opinii",""
"Row #{0}: Item {1} must have a Website Item for Shopping Cart Quotations","Wiersz nr {0}: pozycja {1} musi mieć Website Item dla zapytań ofertowych z koszyka",""
"Savings","Oszczędność",""
"Search Index Fields","Pola indeksu wyszukiwania",""
"Search and SEO","Wyszukiwanie i SEO",""
"Search for Products","Szukaj produktów",""
"Select at least one variant quantity.","Wybierz ilość dla co najmniej jednego wariantu.",""
"Select one or more values for {0}.","Wybierz jedną lub więcej wartości dla {0}.",""
"Select one or more values for {0} and {1} to see matching variants.","Wybierz jedną lub więcej wartości dla {0} i {1}, aby zobaczyć pasujące warianty.",""
"Select Variant","Wybierz wariant",""
"Select Variant for {0}","Wybierz wariant dla {0}",""
"Select {0} and {1} to see matching variants.","Wybierz {0} i {1}, aby zobaczyć pasujące warianty.",""
"Selected Variant","Wybrany wariant",""
"Set Address","Ustaw adres",""
"Select Address","Wybierz adres",""
"Shop by Category","Kupuj według kategorii",""
"Short Description for List View","Krótki opis dla widoku listy",""
"Short Website Description","Krótki opis na stronie internetowej",""
"SKU","SKU",""
"See past quotations","Zobacz wcześniejsze zapytania ofertowe",""
"Show Price in Quotation","Pokaż cenę w zapytaniu ofertowym",""
"Show Stock availability based on this warehouse.","Pokazuj dostępność magazynową na podstawie tego magazynu.",""
"Something went wrong!","Coś poszło nie tak!",""
"Something went wrong. Check {0}","Coś poszło nie tak. Sprawdź {0}",""
"Something went wrong. Please refresh or contact us.","Coś poszło nie tak. Odśwież stronę lub skontaktuj się z nami.",""
"Sorry, something went wrong. Please refresh.","Przepraszamy, coś poszło nie tak. Odśwież stronę.",""
"Stock Information","Informacje o stanie magazynowym",""
"Submitting Review ...","Wysyłanie opinii ...",""
"Tabs","Zakładki",""
"Thank you for submitting your review","Dziękujemy za przesłanie opinii",""
"Thank you for the review","Dziękujemy za opinię",""
"The field filters will also work as categories in the <b>Shop by Category</b> page.","Filtry pól będą też działać jako kategorie na stronie <b>Kupuj według kategorii</b>.",""
"Unpublished Item","Nieopublikowana pozycja",""
"User Forum","Forum użytkowników",""
"View Past Orders","Zobacz wcześniejsze zamówienia",""
"View Past Quotes","Zobacz wcześniejsze zapytania ofertowe",""
"View More","Zobacz więcej",""
"View Website Item","Zobacz pozycję strony internetowej",""
"View all reviews","Zobacz wszystkie opinie",""
"View in Quote","Zobacz w zapytaniu ofertowym",""
"WEB-ITM-.####","WEB-ITM-.####",""
"Webshop","Webshop",""
"Webshop Settings","Ustawienia Webshop",""
"Website Item","Pozycja strony internetowej",""
"Website Item Fields","Pola Website Item",""
"Website Item Image","Obraz Website Item",""
"Website Item Name","Nazwa Website Item",""
"Website Item Tabbed Section","Sekcja zakładek Website Item",""
"Website Item Thumbnail","Miniatura Website Item",""
"Website Item already exists against Item {0}","Website Item już istnieje dla pozycji {0}",""
"Website Item already exists against {0}","Website Item już istnieje dla {0}",""
"Website Item not found","Nie znaleziono Website Item",""
"Website Item {0} has been created.","Website Item {0} został utworzony.",""
"Website Offer","Oferta strony internetowej",""
"Website display name","Nazwa wyświetlana na stronie internetowej",""
"Wishlist","Lista życzeń",""
"Wishlist Item","Pozycja listy życzeń",""
"Wishlist is empty !","Lista życzeń jest pusta !",""
"Wishlist is empty!","Lista życzeń jest pusta!",""
"You are not a verified customer yet. Please contact us to proceed.","Nie jesteś jeszcze zweryfikowanym klientem. Skontaktuj się z nami, aby kontynuować.",""
"You are not verified to write a review yet.","Nie masz jeszcze weryfikacji do napisania opinii.",""
"You have {0} item in your cart","Masz {0} pozycję w koszyku",""
"You have {0} items in your cart","Masz {0} pozycji w koszyku",""
"Your Review","Twoja opinia",""
"Are you sure you want to empty your cart?","Czy na pewno chcesz opróżnić koszyk?",""
"Billing Address","Adres rozliczeniowy",""
"Checkout","Przejdź do kasy",""
"Coupon code","Kod kuponu",""
"Rate:","Cena:",""
"out of 5","z 5",""
"{0} Not in Stock","{0} Brak w magazynie",""
"{0} item found.","Znaleziono {0} wariant.",""
"{0} items found.","Znaleziono {0} wariantów.",""
"{0} are not valid options for Search Index Field.","{0} nie są prawidłowymi opcjami dla pola indeksu wyszukiwania.",""
"{0} is not a valid option for Search Index Field.","{0} nie jest prawidłową opcją dla pola indeksu wyszukiwania.",""
"{0} selected","Wybrano {0}",""
"{0}% and below","{0}% i mniej",""
